inst#,actual,predicted,error,prediction
1,5:5,5:5,,0.89
2,5:5,5:5,,0.85
3,5:5,5:5,,0.752
4,5:5,4:4,+,0.543
5,5:5,5:5,,0.916
6,5:5,5:5,,0.978
7,5:5,5:5,,0.557
8,5:5,4:4,+,0.252
9,5:5,5:5,,0.797
10,5:5,5:5,,0.685
11,5:5,5:5,,0.627
12,5:5,4:4,+,0.407
13,5:5,5:5,,0.52
14,5:5,4:4,+,0.453
15,5:5,3:3,+,0.756
16,5:5,5:5,,0.989
17,5:5,1:1,+,0.458
18,5:5,5:5,,0.826
19,5:5,5:5,,0.834
20,5:5,5:5,,0.492
21,5:5,5:5,,0.594
22,5:5,5:5,,0.685
23,5:5,5:5,,0.828
24,5:5,5:5,,0.595
25,5:5,5:5,,0.916
26,5:5,4:4,+,0.316
27,5:5,5:5,,0.934
28,5:5,5:5,,0.52
29,5:5,5:5,,0.785
30,5:5,5:5,,0.669
31,5:5,5:5,,0.364
32,5:5,5:5,,0.989
33,5:5,4:4,+,0.555
34,5:5,5:5,,0.76
35,5:5,5:5,,0.837
36,5:5,5:5,,0.929
37,5:5,4:4,+,0.434
38,5:5,4:4,+,0.805
39,5:5,5:5,,0.757
40,5:5,5:5,,0.88
41,5:5,5:5,,0.842
42,5:5,5:5,,0.746
43,3:3,2:2,+,0.474
44,3:3,4:4,+,0.543
45,3:3,5:5,+,0.795
46,3:3,5:5,+,0.368
47,3:3,4:4,+,0.407
48,3:3,4:4,+,0.543
49,3:3,2:2,+,0.594
50,3:3,4:4,+,0.348
51,3:3,4:4,+,0.336
52,3:3,4:4,+,0.355
53,3:3,2:2,+,0.474
54,3:3,1:1,+,0.654
55,3:3,1:1,+,0.726
56,3:3,1:1,+,0.458
57,1:1,1:1,,0.458
58,1:1,5:5,+,0.746
59,1:1,5:5,+,0.785
60,1:1,1:1,,0.654
61,1:1,5:5,+,0.466
62,1:1,1:1,,0.838
63,1:1,1:1,,0.846
64,1:1,5:5,+,0.368
65,1:1,1:1,,0.462
66,4:4,3:3,+,0.461
67,4:4,3:3,+,0.573
68,4:4,4:4,,0.81
69,4:4,4:4,,0.407
70,4:4,4:4,,0.369
71,4:4,4:4,,0.814
72,4:4,3:3,+,0.939
73,4:4,4:4,,0.538
74,4:4,5:5,+,0.441
75,4:4,4:4,,0.538
76,4:4,4:4,,0.321
77,4:4,5:5,+,0.515
78,4:4,4:4,,0.814
79,4:4,4:4,,0.321
80,4:4,4:4,,0.434
81,4:4,4:4,,0.949
82,4:4,2:2,+,0.474
83,4:4,5:5,+,0.427
84,4:4,4:4,,0.805
85,4:4,4:4,,0.426
86,2:2,1:1,+,0.654
87,2:2,2:2,,0.323
88,2:2,1:1,+,0.786
89,2:2,5:5,+,0.738
90,2:2,2:2,,0.323
91,2:2,5:5,+,0.609
92,2:2,1:1,+,0.838
93,2:2,1:1,+,0.838
1,5:5,5:5,,0.921
2,5:5,5:5,,0.496
3,5:5,5:5,,0.922
4,5:5,5:5,,0.704
5,5:5,5:5,,0.921
6,5:5,5:5,,0.969
7,5:5,5:5,,0.778
8,5:5,5:5,,0.893
9,5:5,5:5,,0.778
10,5:5,5:5,,0.515
11,5:5,5:5,,0.668
12,5:5,5:5,,0.75
13,5:5,5:5,,0.921
14,5:5,5:5,,0.95
15,5:5,5:5,,0.921
16,5:5,5:5,,0.922
17,5:5,5:5,,0.789
18,5:5,1:1,+,0.541
19,5:5,4:4,+,0.43
20,5:5,4:4,+,0.398
21,5:5,5:5,,0.544
22,5:5,5:5,,0.705
23,5:5,5:5,,0.926
24,5:5,5:5,,0.767
25,5:5,5:5,,0.634
26,5:5,5:5,,0.536
27,5:5,5:5,,0.69
28,5:5,5:5,,0.848
29,5:5,5:5,,0.59
30,5:5,5:5,,0.946
31,5:5,5:5,,0.584
32,5:5,5:5,,0.603
33,5:5,5:5,,0.75
34,5:5,5:5,,0.598
35,5:5,4:4,+,0.527
36,5:5,5:5,,0.87
37,5:5,5:5,,0.473
38,5:5,5:5,,0.922
39,5:5,5:5,,0.984
40,5:5,5:5,,0.921
41,5:5,1:1,+,0.802
42,5:5,2:2,+,0.462
43,3:3,3:3,,0.755
44,3:3,2:2,+,0.399
45,3:3,4:4,+,0.482
46,3:3,3:3,,0.305
47,3:3,4:4,+,0.464
48,3:3,3:3,,0.375
49,3:3,5:5,+,0.699
50,3:3,3:3,,0.326
51,3:3,3:3,,0.783
52,3:3,3:3,,0.497
53,3:3,3:3,,0.859
54,3:3,5:5,+,0.747
55,3:3,1:1,+,0.811
56,3:3,5:5,+,0.373
57,1:1,5:5,+,0.589
58,1:1,1:1,,0.877
59,1:1,1:1,,0.84
60,1:1,5:5,+,0.946
61,1:1,5:5,+,0.946
62,1:1,1:1,,0.509
63,1:1,5:5,+,0.946
64,1:1,2:2,+,0.399
65,1:1,4:4,+,0.527
66,4:4,5:5,+,0.55
67,4:4,5:5,+,0.57
68,4:4,3:3,+,0.538
69,4:4,5:5,+,0.373
70,4:4,5:5,+,0.712
71,4:4,5:5,+,0.418
72,4:4,3:3,+,0.38
73,4:4,5:5,+,0.395
74,4:4,5:5,+,0.699
75,4:4,5:5,+,0.57
76,4:4,5:5,+,0.501
77,4:4,4:4,,0.857
78,4:4,3:3,+,0.305
79,4:4,5:5,+,0.583
80,4:4,3:3,+,0.382
81,4:4,5:5,+,0.494
82,4:4,5:5,+,0.576
83,4:4,4:4,,0.559
84,4:4,4:4,,0.578
85,4:4,3:3,+,0.308
86,2:2,4:4,+,0.43
87,2:2,2:2,,0.428
88,2:2,4:4,+,0.453
89,2:2,5:5,+,0.69
90,2:2,5:5,+,0.767
91,2:2,1:1,+,0.358
92,2:2,2:2,,0.399
93,2:2,2:2,,0.399
1,5:5,4:4,+,0.577
2,5:5,5:5,,0.644
3,5:5,5:5,,0.792
4,5:5,5:5,,0.727
5,5:5,5:5,,0.869
6,5:5,5:5,,0.516
7,5:5,5:5,,0.347
8,5:5,5:5,,0.995
9,5:5,1:1,+,0.612
10,5:5,1:1,+,0.352
11,5:5,5:5,,0.737
12,5:5,5:5,,0.668
13,5:5,5:5,,0.93
14,5:5,5:5,,0.621
15,5:5,5:5,,0.841
16,5:5,5:5,,0.936
17,5:5,5:5,,0.816
18,5:5,4:4,+,0.488
19,5:5,5:5,,0.92
20,5:5,4:4,+,0.615
21,5:5,5:5,,0.731
22,5:5,5:5,,0.495
23,5:5,5:5,,0.699
24,5:5,5:5,,0.953
25,5:5,5:5,,0.806
26,5:5,5:5,,0.941
27,5:5,5:5,,0.846
28,5:5,5:5,,0.881
29,5:5,5:5,,0.511
30,5:5,4:4,+,0.337
31,5:5,5:5,,0.873
32,5:5,5:5,,0.995
33,5:5,5:5,,0.511
34,5:5,5:5,,0.568
35,5:5,5:5,,0.495
36,5:5,5:5,,0.666
37,5:5,4:4,+,0.497
38,5:5,4:4,+,0.46
39,5:5,2:2,+,0.301
40,5:5,5:5,,0.93
41,5:5,4:4,+,0.785
42,5:5,5:5,,0.484
43,3:3,2:2,+,0.499
44,3:3,4:4,+,0.957
45,3:3,2:2,+,0.499
46,3:3,5:5,+,0.644
47,3:3,5:5,+,0.516
48,3:3,1:1,+,0.368
49,3:3,3:3,,0.675
50,3:3,3:3,,0.315
51,3:3,3:3,,0.866
52,3:3,5:5,+,0.744
53,3:3,4:4,+,0.971
54,3:3,3:3,,0.629
55,3:3,4:4,+,0.344
56,3:3,5:5,+,0.879
57,1:1,4:4,+,0.403
58,1:1,5:5,+,0.639
59,1:1,1:1,,0.448
60,1:1,2:2,+,0.436
61,1:1,2:2,+,0.355
62,1:1,2:2,+,0.517
63,1:1,5:5,+,0.511
64,1:1,1:1,,0.819
65,1:1,4:4,+,0.344
66,4:4,5:5,+,0.484
67,4:4,4:4,,0.687
68,4:4,4:4,,0.727
69,4:4,3:3,+,0.329
70,4:4,3:3,+,0.315
71,4:4,5:5,+,0.723
72,4:4,3:3,+,0.866
73,4:4,1:1,+,0.621
74,4:4,2:2,+,0.355
75,4:4,3:3,+,0.329
76,4:4,4:4,,0.687
77,4:4,1:1,+,0.405
78,4:4,4:4,,0.487
79,4:4,4:4,,0.582
80,4:4,4:4,,0.687
81,4:4,5:5,+,0.516
82,4:4,2:2,+,0.499
83,4:4,5:5,+,0.397
84,4:4,5:5,+,0.893
85,4:4,4:4,,0.487
86,2:2,2:2,,0.499
87,2:2,1:1,+,0.71
88,2:2,1:1,+,0.621
89,2:2,4:4,+,0.497
90,2:2,2:2,,0.394
91,2:2,1:1,+,0.774
92,2:2,4:4,+,0.404
93,2:2,1:1,+,0.793
1,5:5,4:4,+,0.522
2,5:5,5:5,,0.732
3,5:5,3:3,+,0.491
4,5:5,5:5,,0.933
5,5:5,5:5,,0.881
6,5:5,5:5,,0.77
7,5:5,5:5,,0.962
8,5:5,4:4,+,0.266
9,5:5,5:5,,0.592
10,5:5,5:5,,0.479
11,5:5,5:5,,0.519
12,5:5,5:5,,0.892
13,5:5,4:4,+,0.436
14,5:5,5:5,,0.733
15,5:5,5:5,,0.732
16,5:5,5:5,,0.842
17,5:5,4:4,+,0.497
18,5:5,5:5,,0.668
19,5:5,5:5,,0.81
20,5:5,5:5,,0.369
21,5:5,5:5,,0.668
22,5:5,5:5,,0.851
23,5:5,5:5,,0.65
24,5:5,5:5,,0.926
25,5:5,5:5,,0.923
26,5:5,5:5,,0.737
27,5:5,5:5,,0.848
28,5:5,5:5,,0.467
29,5:5,5:5,,0.946
30,5:5,4:4,+,0.408
31,5:5,4:4,+,0.284
32,5:5,5:5,,0.942
33,5:5,4:4,+,0.352
34,5:5,5:5,,0.823
35,5:5,4:4,+,0.4
36,5:5,5:5,,0.899
37,5:5,5:5,,0.369
38,5:5,5:5,,0.962
39,5:5,4:4,+,0.41
40,5:5,4:4,+,0.284
41,5:5,5:5,,0.81
42,5:5,5:5,,0.623
43,3:3,3:3,,0.413
44,3:3,5:5,+,0.577
45,3:3,4:4,+,0.266
46,3:3,3:3,,0.862
47,3:3,1:1,+,0.483
48,3:3,3:3,,0.254
49,3:3,4:4,+,0.861
50,3:3,2:2,+,0.774
51,3:3,4:4,+,0.358
52,3:3,3:3,,0.327
53,3:3,4:4,+,0.266
54,3:3,2:2,+,0.661
55,3:3,4:4,+,0.352
56,3:3,3:3,,0.327
57,1:1,3:3,+,0.327
58,1:1,4:4,+,0.424
59,1:1,4:4,+,0.4
60,1:1,2:2,+,0.5
61,1:1,2:2,+,0.5
62,1:1,1:1,,0.636
63,1:1,2:2,+,0.768
64,1:1,1:1,,0.856
65,1:1,4:4,+,0.352
66,4:4,5:5,+,0.949
67,4:4,3:3,+,0.862
68,4:4,4:4,,0.436
69,4:4,4:4,,0.41
70,4:4,4:4,,0.841
71,4:4,4:4,,0.522
72,4:4,1:1,+,0.419
73,4:4,4:4,,0.41
74,4:4,5:5,+,0.594
75,4:4,5:5,+,0.66
76,4:4,4:4,,0.729
77,4:4,4:4,,0.606
78,4:4,5:5,+,0.577
79,4:4,5:5,+,0.66
80,4:4,3:3,+,0.36
81,4:4,5:5,+,0.577
82,4:4,4:4,,0.729
83,4:4,3:3,+,0.342
84,4:4,4:4,,0.707
85,4:4,5:5,+,0.565
86,2:2,2:2,,0.661
87,2:2,4:4,+,0.341
88,2:2,4:4,+,0.358
89,2:2,4:4,+,0.41
90,2:2,5:5,+,0.869
91,2:2,2:2,,0.406
92,2:2,3:3,+,0.307
93,2:2,4:4,+,0.41
1,5:5,4:4,+,0.737
2,5:5,5:5,,0.517
3,5:5,5:5,,0.896
4,5:5,5:5,,0.928
5,5:5,2:2,+,0.445
6,5:5,5:5,,0.938
7,5:5,5:5,,0.722
8,5:5,5:5,,0.637
9,5:5,5:5,,0.579
10,5:5,3:3,+,0.345
11,5:5,5:5,,0.693
12,5:5,5:5,,0.973
13,5:5,3:3,+,0.27
14,5:5,4:4,+,0.407
15,5:5,5:5,,0.517
16,5:5,5:5,,0.647
17,5:5,5:5,,0.908
18,5:5,5:5,,0.658
19,5:5,5:5,,0.85
20,5:5,5:5,,0.437
21,5:5,4:4,+,0.407
22,5:5,2:2,+,0.282
23,5:5,5:5,,0.415
24,5:5,5:5,,0.631
25,5:5,5:5,,0.934
26,5:5,5:5,,0.74
27,5:5,3:3,+,0.468
28,5:5,4:4,+,0.638
29,5:5,5:5,,0.917
30,5:5,5:5,,0.76
31,5:5,5:5,,0.945
32,5:5,5:5,,0.711
33,5:5,5:5,,0.282
34,5:5,4:4,+,0.529
35,5:5,5:5,,0.462
36,5:5,5:5,,0.658
37,5:5,5:5,,0.774
38,5:5,1:1,+,0.904
39,5:5,5:5,,0.62
40,5:5,2:2,+,0.282
41,5:5,5:5,,0.415
42,5:5,5:5,,0.908
43,3:3,4:4,+,0.638
44,3:3,5:5,+,0.937
45,3:3,2:2,+,0.312
46,3:3,5:5,+,0.62
47,3:3,5:5,+,0.904
48,3:3,4:4,+,0.407
49,3:3,3:3,,0.387
50,3:3,3:3,,0.694
51,3:3,4:4,+,0.407
52,3:3,5:5,+,0.527
53,3:3,2:2,+,0.413
54,3:3,5:5,+,0.62
55,3:3,4:4,+,0.529
56,1:1,5:5,+,0.6
57,1:1,1:1,,0.569
58,1:1,1:1,,0.664
59,1:1,1:1,,0.488
60,1:1,3:3,+,0.44
61,1:1,4:4,+,0.407
62,1:1,3:3,+,0.495
63,1:1,1:1,,0.65
64,1:1,1:1,,0.597
65,1:1,3:3,+,0.387
66,4:4,4:4,,0.368
67,4:4,5:5,+,0.637
68,4:4,4:4,,0.843
69,4:4,4:4,,0.737
70,4:4,5:5,+,0.594
71,4:4,4:4,,0.407
72,4:4,4:4,,0.628
73,4:4,4:4,,0.407
74,4:4,3:3,+,0.459
75,4:4,1:1,+,0.563
76,4:4,4:4,,0.407
77,4:4,3:3,+,0.339
78,4:4,4:4,,0.622
79,4:4,2:2,+,0.445
80,4:4,5:5,+,0.487
81,4:4,4:4,,0.628
82,4:4,4:4,,0.628
83,4:4,5:5,+,0.487
84,4:4,4:4,,0.737
85,4:4,4:4,,0.514
86,2:2,3:3,+,0.313
87,2:2,4:4,+,0.537
88,2:2,4:4,+,0.466
89,2:2,5:5,+,0.487
90,2:2,3:3,+,0.342
91,2:2,2:2,,0.445
92,2:2,5:5,+,0.845
93,2:2,3:3,+,0.387
1,5:5,1:1,+,0.369
2,5:5,5:5,,0.996
3,5:5,5:5,,0.806
4,5:5,5:5,,0.86
5,5:5,5:5,,0.806
6,5:5,4:4,+,0.437
7,5:5,5:5,,0.86
8,5:5,5:5,,0.643
9,5:5,5:5,,0.531
10,5:5,5:5,,0.641
11,5:5,5:5,,0.883
12,5:5,5:5,,0.931
13,5:5,5:5,,0.796
14,5:5,4:4,+,0.52
15,5:5,5:5,,0.872
16,5:5,5:5,,0.924
17,5:5,5:5,,0.543
18,5:5,5:5,,0.543
19,5:5,5:5,,0.515
20,5:5,5:5,,0.672
21,5:5,5:5,,0.974
22,5:5,5:5,,0.881
23,5:5,5:5,,0.923
24,5:5,5:5,,0.983
25,5:5,5:5,,0.97
26,5:5,5:5,,0.66
27,5:5,5:5,,0.882
28,5:5,4:4,+,0.482
29,5:5,3:3,+,0.59
30,5:5,5:5,,0.68
31,5:5,5:5,,0.537
32,5:5,5:5,,0.923
33,5:5,5:5,,0.796
34,5:5,5:5,,0.824
35,5:5,3:3,+,0.309
36,5:5,5:5,,0.68
37,5:5,5:5,,0.86
38,5:5,5:5,,0.806
39,5:5,1:1,+,0.369
40,5:5,5:5,,0.643
41,5:5,5:5,,0.543
42,5:5,5:5,,0.411
43,3:3,1:1,+,0.699
44,3:3,2:2,+,0.444
45,3:3,3:3,,0.76
46,3:3,3:3,,0.389
47,3:3,2:2,+,0.462
48,3:3,5:5,+,0.621
49,3:3,3:3,,0.306
50,3:3,5:5,+,0.515
51,3:3,2:2,+,0.444
52,3:3,3:3,,0.76
53,3:3,1:1,+,0.859
54,3:3,3:3,,0.76
55,3:3,3:3,,0.567
56,1:1,5:5,+,0.641
57,1:1,1:1,,0.666
58,1:1,3:3,+,0.415
59,1:1,5:5,+,0.33
60,1:1,2:2,+,0.462
61,1:1,4:4,+,0.482
62,1:1,1:1,,0.497
63,1:1,5:5,+,0.631
64,1:1,1:1,,0.666
65,1:1,2:2,+,0.444
66,4:4,5:5,+,0.515
67,4:4,4:4,,0.826
68,4:4,4:4,,0.693
69,4:4,4:4,,0.693
70,4:4,2:2,+,0.376
71,4:4,3:3,+,0.306
72,4:4,5:5,+,0.521
73,4:4,5:5,+,0.706
74,4:4,4:4,,0.826
75,4:4,5:5,+,0.706
76,4:4,3:3,+,0.419
77,4:4,5:5,+,0.515
78,4:4,3:3,+,0.417
79,4:4,4:4,,0.473
80,4:4,4:4,,0.686
81,4:4,4:4,,0.393
82,4:4,4:4,,0.686
83,4:4,4:4,,0.393
84,4:4,1:1,+,0.347
85,4:4,4:4,,0.693
86,2:2,2:2,,0.444
87,2:2,3:3,+,0.389
88,2:2,3:3,+,0.645
89,2:2,5:5,+,0.33
90,2:2,5:5,+,0.631
91,2:2,5:5,+,0.415
92,2:2,1:1,+,0.872
93,2:2,4:4,+,0.393
1,5:5,5:5,,0.666
2,5:5,5:5,,0.687
3,5:5,5:5,,0.92
4,5:5,5:5,,0.942
5,5:5,5:5,,0.665
6,5:5,5:5,,0.901
7,5:5,5:5,,0.899
8,5:5,5:5,,0.525
9,5:5,5:5,,0.809
10,5:5,5:5,,0.524
11,5:5,5:5,,0.92
12,5:5,5:5,,0.665
13,5:5,5:5,,0.926
14,5:5,4:4,+,0.552
15,5:5,4:4,+,0.729
16,5:5,4:4,+,0.302
17,5:5,5:5,,0.882
18,5:5,5:5,,0.308
19,5:5,5:5,,0.408
20,5:5,5:5,,0.888
21,5:5,5:5,,0.657
22,5:5,5:5,,0.444
23,5:5,5:5,,0.657
24,5:5,4:4,+,0.397
25,5:5,5:5,,0.941
26,5:5,4:4,+,0.346
27,5:5,5:5,,0.434
28,5:5,5:5,,0.919
29,5:5,5:5,,0.864
30,5:5,5:5,,0.576
31,5:5,5:5,,0.408
32,5:5,5:5,,0.399
33,5:5,5:5,,0.487
34,5:5,4:4,+,0.552
35,5:5,5:5,,0.864
36,5:5,5:5,,0.843
37,5:5,5:5,,0.901
38,5:5,5:5,,0.576
39,5:5,5:5,,0.814
40,5:5,5:5,,0.814
41,5:5,4:4,+,0.359
42,5:5,5:5,,0.619
43,3:3,1:1,+,0.788
44,3:3,4:4,+,0.359
45,3:3,5:5,+,0.492
46,3:3,1:1,+,0.285
47,3:3,3:3,,0.619
48,3:3,1:1,+,0.634
49,3:3,4:4,+,0.728
50,3:3,5:5,+,0.626
51,3:3,5:5,+,0.34
52,3:3,2:2,+,0.501
53,3:3,5:5,+,0.333
54,3:3,4:4,+,0.359
55,3:3,5:5,+,0.408
56,1:1,1:1,,0.276
57,1:1,2:2,+,0.339
58,1:1,1:1,,0.276
59,1:1,1:1,,0.634
60,1:1,2:2,+,0.399
61,1:1,2:2,+,0.399
62,1:1,5:5,+,0.846
63,1:1,1:1,,0.746
64,1:1,5:5,+,0.408
65,1:1,1:1,,0.83
66,4:4,5:5,+,0.408
67,4:4,4:4,,0.538
68,4:4,5:5,+,0.954
69,4:4,1:1,+,0.899
70,4:4,4:4,,0.35
71,4:4,5:5,+,0.626
72,4:4,4:4,,0.729
73,4:4,5:5,+,0.849
74,4:4,4:4,,0.35
75,4:4,4:4,,0.729
76,4:4,5:5,+,0.524
77,4:4,4:4,,0.729
78,4:4,4:4,,0.496
79,4:4,5:5,+,0.487
80,4:4,1:1,+,0.276
81,4:4,5:5,+,0.408
82,4:4,2:2,+,0.399
83,4:4,4:4,,0.547
84,4:4,4:4,,0.538
85,2:2,2:2,,0.399
86,2:2,5:5,+,0.572
87,2:2,1:1,+,0.597
88,2:2,3:3,+,0.358
89,2:2,4:4,+,0.35
90,2:2,5:5,+,0.548
91,2:2,2:2,,0.399
92,2:2,3:3,+,0.398
93,2:2,2:2,,0.399
1,5:5,5:5,,0.906
2,5:5,5:5,,0.885
3,5:5,5:5,,0.99
4,5:5,4:4,+,0.719
5,5:5,4:4,+,0.568
6,5:5,5:5,,0.585
7,5:5,5:5,,0.99
8,5:5,5:5,,0.752
9,5:5,5:5,,0.734
10,5:5,5:5,,0.904
11,5:5,5:5,,0.775
12,5:5,5:5,,0.3
13,5:5,5:5,,0.806
14,5:5,5:5,,0.665
15,5:5,5:5,,0.74
16,5:5,5:5,,0.382
17,5:5,5:5,,0.521
18,5:5,5:5,,0.896
19,5:5,5:5,,0.906
20,5:5,5:5,,0.938
21,5:5,5:5,,0.775
22,5:5,5:5,,0.985
23,5:5,4:4,+,0.449
24,5:5,5:5,,0.627
25,5:5,5:5,,0.409
26,5:5,5:5,,0.99
27,5:5,5:5,,0.932
28,5:5,5:5,,0.636
29,5:5,4:4,+,0.778
30,5:5,5:5,,0.906
31,5:5,5:5,,0.788
32,5:5,5:5,,0.806
33,5:5,5:5,,0.888
34,5:5,5:5,,0.674
35,5:5,5:5,,0.492
36,5:5,1:1,+,0.442
37,5:5,2:2,+,0.316
38,5:5,5:5,,0.444
39,5:5,5:5,,0.843
40,5:5,5:5,,0.925
41,5:5,5:5,,0.483
42,5:5,5:5,,0.492
43,3:3,2:2,+,0.521
44,3:3,4:4,+,0.398
45,3:3,4:4,+,0.398
46,3:3,4:4,+,0.398
47,3:3,1:1,+,0.786
48,3:3,4:4,+,0.354
49,3:3,2:2,+,0.418
50,3:3,5:5,+,0.43
51,3:3,4:4,+,0.354
52,3:3,3:3,,0.301
53,3:3,5:5,+,0.751
54,3:3,5:5,+,0.269
55,3:3,5:5,+,0.269
56,1:1,5:5,+,0.43
57,1:1,3:3,+,0.475
58,1:1,1:1,,0.535
59,1:1,1:1,,0.899
60,1:1,3:3,+,0.417
61,1:1,4:4,+,0.479
62,1:1,1:1,,0.857
63,1:1,3:3,+,0.417
64,1:1,4:4,+,0.398
65,4:4,4:4,,0.398
66,4:4,5:5,+,0.674
67,4:4,4:4,,0.479
68,4:4,5:5,+,0.665
69,4:4,4:4,,0.398
70,4:4,4:4,,0.414
71,4:4,4:4,,0.398
72,4:4,3:3,+,0.475
73,4:4,3:3,+,0.306
74,4:4,5:5,+,0.555
75,4:4,5:5,+,0.616
76,4:4,3:3,+,0.301
77,4:4,2:2,+,0.418
78,4:4,5:5,+,0.851
79,4:4,5:5,+,0.775
80,4:4,3:3,+,0.516
81,4:4,3:3,+,0.306
82,4:4,4:4,,0.329
83,4:4,4:4,,0.354
84,4:4,5:5,+,0.693
85,2:2,4:4,+,0.907
86,2:2,5:5,+,0.665
87,2:2,3:3,+,0.364
88,2:2,3:3,+,0.306
89,2:2,3:3,+,0.301
90,2:2,3:3,+,0.496
91,2:2,5:5,+,0.43
92,2:2,4:4,+,0.907
93,2:2,2:2,,0.418
1,5:5,5:5,,0.997
2,5:5,5:5,,0.954
3,5:5,5:5,,0.914
4,5:5,4:4,+,0.499
5,5:5,5:5,,0.959
6,5:5,5:5,,0.96
7,5:5,5:5,,0.531
8,5:5,5:5,,0.573
9,5:5,5:5,,0.913
10,5:5,5:5,,0.705
11,5:5,5:5,,0.918
12,5:5,3:3,+,0.513
13,5:5,5:5,,0.848
14,5:5,5:5,,0.684
15,5:5,5:5,,0.975
16,5:5,4:4,+,0.653
17,5:5,5:5,,0.702
18,5:5,5:5,,0.935
19,5:5,1:1,+,0.511
20,5:5,5:5,,0.91
21,5:5,5:5,,0.821
22,5:5,5:5,,0.846
23,5:5,4:4,+,0.454
24,5:5,5:5,,0.892
25,5:5,5:5,,0.921
26,5:5,5:5,,0.704
27,5:5,5:5,,0.518
28,5:5,5:5,,0.884
29,5:5,5:5,,0.763
30,5:5,5:5,,0.698
31,5:5,5:5,,0.633
32,5:5,5:5,,0.678
33,5:5,5:5,,0.349
34,5:5,5:5,,0.599
35,5:5,5:5,,0.56
36,5:5,5:5,,0.714
37,5:5,5:5,,0.997
38,5:5,5:5,,0.573
39,5:5,5:5,,0.681
40,5:5,5:5,,0.921
41,5:5,5:5,,0.911
42,5:5,5:5,,0.913
43,3:3,5:5,+,0.952
44,3:3,5:5,+,0.408
45,3:3,3:3,,0.863
46,3:3,3:3,,0.375
47,3:3,4:4,+,0.339
48,3:3,4:4,+,0.341
49,3:3,4:4,+,0.326
50,3:3,4:4,+,0.758
51,3:3,2:2,+,0.364
52,3:3,4:4,+,0.372
53,3:3,2:2,+,0.451
54,3:3,4:4,+,0.452
55,3:3,3:3,,0.386
56,1:1,5:5,+,0.786
57,1:1,4:4,+,0.341
58,1:1,4:4,+,0.339
59,1:1,1:1,,0.294
60,1:1,4:4,+,0.339
61,1:1,3:3,+,0.338
62,1:1,1:1,,0.774
63,1:1,5:5,+,0.408
64,1:1,1:1,,0.782
65,4:4,4:4,,0.631
66,4:4,4:4,,0.849
67,4:4,4:4,,0.949
68,4:4,5:5,+,0.505
69,4:4,3:3,+,0.493
70,4:4,5:5,+,0.585
71,4:4,4:4,,0.499
72,4:4,4:4,,0.808
73,4:4,3:3,+,0.401
74,4:4,4:4,,0.409
75,4:4,5:5,+,0.859
76,4:4,5:5,+,0.891
77,4:4,5:5,+,0.939
78,4:4,5:5,+,0.859
79,4:4,5:5,+,0.522
80,4:4,3:3,+,0.659
81,4:4,2:2,+,0.299
82,4:4,3:3,+,0.49
83,4:4,5:5,+,0.408
84,4:4,5:5,+,0.408
85,2:2,1:1,+,0.691
86,2:2,4:4,+,0.239
87,2:2,2:2,,0.388
88,2:2,2:2,,0.388
89,2:2,3:3,+,0.634
90,2:2,4:4,+,0.339
91,2:2,1:1,+,0.517
92,2:2,1:1,+,0.46
93,2:2,2:2,,0.484
1,5:5,5:5,,0.99
2,5:5,5:5,,0.859
3,5:5,4:4,+,0.462
4,5:5,5:5,,0.928
5,5:5,5:5,,0.444
6,5:5,5:5,,0.65
7,5:5,5:5,,0.324
8,5:5,5:5,,0.669
9,5:5,5:5,,0.614
10,5:5,5:5,,0.324
11,5:5,5:5,,0.557
12,5:5,5:5,,0.653
13,5:5,5:5,,0.952
14,5:5,5:5,,0.584
15,5:5,5:5,,0.933
16,5:5,5:5,,0.762
17,5:5,4:4,+,0.729
18,5:5,4:4,+,0.491
19,5:5,5:5,,0.677
20,5:5,5:5,,0.928
21,5:5,5:5,,0.991
22,5:5,5:5,,0.65
23,5:5,5:5,,0.614
24,5:5,5:5,,0.558
25,5:5,5:5,,0.885
26,5:5,5:5,,0.885
27,5:5,3:3,+,0.924
28,5:5,5:5,,0.721
29,5:5,5:5,,0.863
30,5:5,5:5,,0.733
31,5:5,5:5,,0.45
32,5:5,5:5,,0.727
33,5:5,4:4,+,0.544
34,5:5,4:4,+,0.53
35,5:5,5:5,,0.895
36,5:5,3:3,+,0.601
37,5:5,5:5,,0.856
38,5:5,4:4,+,0.729
39,5:5,5:5,,0.928
40,5:5,4:4,+,0.729
41,5:5,4:4,+,0.557
42,3:3,3:3,,0.433
43,3:3,5:5,+,0.831
44,3:3,5:5,+,0.832
45,3:3,3:3,,0.666
46,3:3,5:5,+,0.882
47,3:3,4:4,+,0.327
48,3:3,3:3,,0.924
49,3:3,5:5,+,0.832
50,3:3,4:4,+,0.53
51,3:3,4:4,+,0.461
52,3:3,3:3,,0.631
53,3:3,4:4,+,0.481
54,3:3,3:3,,0.379
55,3:3,5:5,+,0.995
56,1:1,5:5,+,0.26
57,1:1,1:1,,0.567
58,1:1,5:5,+,0.557
59,1:1,3:3,+,0.379
60,1:1,5:5,+,0.26
61,1:1,1:1,,0.955
62,1:1,1:1,,0.676
63,1:1,3:3,+,0.537
64,1:1,5:5,+,0.26
65,4:4,5:5,+,0.626
66,4:4,5:5,+,0.558
67,4:4,5:5,+,0.626
68,4:4,5:5,+,0.324
69,4:4,4:4,,0.419
70,4:4,4:4,,0.682
71,4:4,4:4,,0.682
72,4:4,3:3,+,0.379
73,4:4,5:5,+,0.689
74,4:4,4:4,,0.682
75,4:4,4:4,,0.682
76,4:4,4:4,,0.712
77,4:4,4:4,,0.729
78,4:4,4:4,,0.577
79,4:4,2:2,+,0.399
80,4:4,5:5,+,0.26
81,4:4,5:5,+,0.26
82,4:4,3:3,+,0.39
83,4:4,3:3,+,0.629
84,4:4,3:3,+,0.508
85,2:2,3:3,+,0.431
86,2:2,3:3,+,0.313
87,2:2,4:4,+,0.477
88,2:2,1:1,+,0.7
89,2:2,3:3,+,0.431
90,2:2,4:4,+,0.376
91,2:2,2:2,,0.399
92,2:2,3:3,+,0.313
93,2:2,2:2,,0.522

